commodity,required_otr_level,required_wvtr_level,required_mechanical_strength,required_sealability,map_required,breathability_required,recommended_material_class,label_status,source_note
Tomato,High,Medium,High,High,Yes,High,Breathable PE / Micro-perforated Film,STARTER_LABELS_FOR_PROTOTYPE_VERIFY_WITH_DOMAIN_EXPERT,Derived as prototype labels from food/packaging principles; validate commodity-specific targets experimentally
Potato,Medium,Medium,High,Medium,Conditional,Medium,Perforated PE / Breathable Film,STARTER_LABELS_FOR_PROTOTYPE_VERIFY_WITH_DOMAIN_EXPERT,Derived as prototype labels from food/packaging principles; validate commodity-specific targets experimentally
Onion,Low,Medium,Medium,Medium,No,Low,Perforated/Breathable Film,STARTER_LABELS_FOR_PROTOTYPE_VERIFY_WITH_DOMAIN_EXPERT,Derived as prototype labels from food/packaging principles; validate commodity-specific targets experimentally
Apple,Medium,Medium,Medium,Medium,Yes,Medium,Breathable Film / MAP Film,STARTER_LABELS_FOR_PROTOTYPE_VERIFY_WITH_DOMAIN_EXPERT,Derived as prototype labels from food/packaging principles; validate commodity-specific targets experimentally
Banana,High,Medium,Medium,High,Conditional,High,Breathable Film,STARTER_LABELS_FOR_PROTOTYPE_VERIFY_WITH_DOMAIN_EXPERT,Derived as prototype labels from food/packaging principles; validate commodity-specific targets experimentally
Mango,Medium,Medium,Medium,High,Yes,Medium,MAP/Breathable Film,STARTER_LABELS_FOR_PROTOTYPE_VERIFY_WITH_DOMAIN_EXPERT,Derived as prototype labels from food/packaging principles; validate commodity-specific targets experimentally
Orange,Medium,Medium,High,Medium,Conditional,Medium,PE/PP Film,STARTER_LABELS_FOR_PROTOTYPE_VERIFY_WITH_DOMAIN_EXPERT,Derived as prototype labels from food/packaging principles; validate commodity-specific targets experimentally
Cucumber,High,Medium,Medium,High,Yes,High,Breathable/Micro-perforated Film,STARTER_LABELS_FOR_PROTOTYPE_VERIFY_WITH_DOMAIN_EXPERT,Derived as prototype labels from food/packaging principles; validate commodity-specific targets experimentally
Carrot,Medium,Medium,High,Medium,Yes,Medium,Perforated PE Film,STARTER_LABELS_FOR_PROTOTYPE_VERIFY_WITH_DOMAIN_EXPERT,Derived as prototype labels from food/packaging principles; validate commodity-specific targets experimentally
Spinach,Very High,Medium,Medium,High,Yes,Very High,High-Permeability/Micro-perforated Film,STARTER_LABELS_FOR_PROTOTYPE_VERIFY_WITH_DOMAIN_EXPERT,Derived as prototype labels from food/packaging principles; validate commodity-specific targets experimentally
Rice,Low,Very Low,Medium,High,No,Low,HDPE/PP or High-Barrier Laminate,STARTER_LABELS_FOR_PROTOTYPE_VERIFY_WITH_DOMAIN_EXPERT,Derived as prototype labels from food/packaging principles; validate commodity-specific targets experimentally
Wheat,Low,Very Low,Medium,High,No,Low,HDPE/PP or High-Barrier Laminate,STARTER_LABELS_FOR_PROTOTYPE_VERIFY_WITH_DOMAIN_EXPERT,Derived as prototype labels from food/packaging principles; validate commodity-specific targets experimentally
Maize,Low,Very Low,High,High,No,Low,HDPE/PP or High-Barrier Laminate,STARTER_LABELS_FOR_PROTOTYPE_VERIFY_WITH_DOMAIN_EXPERT,Derived as prototype labels from food/packaging principles; validate commodity-specific targets experimentally
Oats,Low,Very Low,Medium,High,No,Low,High-Barrier Laminate,STARTER_LABELS_FOR_PROTOTYPE_VERIFY_WITH_DOMAIN_EXPERT,Derived as prototype labels from food/packaging principles; validate commodity-specific targets experimentally
Potato Chips,Very Low,Very Low,Medium,High,No,Low,Metalized PET / High-Barrier Laminate,STARTER_LABELS_FOR_PROTOTYPE_VERIFY_WITH_DOMAIN_EXPERT,Derived as prototype labels from food/packaging principles; validate commodity-specific targets experimentally
Biscuits,Very Low,Very Low,Medium,High,No,Low,BOPP/Metallized Film,STARTER_LABELS_FOR_PROTOTYPE_VERIFY_WITH_DOMAIN_EXPERT,Derived as prototype labels from food/packaging principles; validate commodity-specific targets experimentally
Bread,Medium,Medium,Medium,High,Conditional,Medium,PE/PP Bread Film,STARTER_LABELS_FOR_PROTOTYPE_VERIFY_WITH_DOMAIN_EXPERT,Derived as prototype labels from food/packaging principles; validate commodity-specific targets experimentally
Milk Powder,Very Low,Very Low,High,High,No,Low,Aluminium Foil Laminate,STARTER_LABELS_FOR_PROTOTYPE_VERIFY_WITH_DOMAIN_EXPERT,Derived as prototype labels from food/packaging principles; validate commodity-specific targets experimentally
Turmeric Powder,Low,Very Low,Medium,High,No,Low,High-Barrier Laminate,STARTER_LABELS_FOR_PROTOTYPE_VERIFY_WITH_DOMAIN_EXPERT,Derived as prototype labels from food/packaging principles; validate commodity-specific targets experimentally
Coffee Beans,Very Low,Very Low,Medium,High,No,Low,High-Barrier/Valve Packaging,STARTER_LABELS_FOR_PROTOTYPE_VERIFY_WITH_DOMAIN_EXPERT,Derived as prototype labels from food/packaging principles; validate commodity-specific targets experimentally
Peanuts,Low,Low,High,High,No,Low,HDPE/PP or Laminate,STARTER_LABELS_FOR_PROTOTYPE_VERIFY_WITH_DOMAIN_EXPERT,Derived as prototype labels from food/packaging principles; validate commodity-specific targets experimentally
Cashews,Low,Low,Medium,High,No,Low,High-Barrier Laminate,STARTER_LABELS_FOR_PROTOTYPE_VERIFY_WITH_DOMAIN_EXPERT,Derived as prototype labels from food/packaging principles; validate commodity-specific targets experimentally
Lentils,Low,Low,High,High,No,Low,HDPE/PP,STARTER_LABELS_FOR_PROTOTYPE_VERIFY_WITH_DOMAIN_EXPERT,Derived as prototype labels from food/packaging principles; validate commodity-specific targets experimentally
Raisins,Low,Low,Medium,High,No,Low,PE/PP or Laminate,STARTER_LABELS_FOR_PROTOTYPE_VERIFY_WITH_DOMAIN_EXPERT,Derived as prototype labels from food/packaging principles; validate commodity-specific targets experimentally
Flour,Low,Low,Medium,High,No,Low,HDPE/PP or Paper-PE Laminate,STARTER_LABELS_FOR_PROTOTYPE_VERIFY_WITH_DOMAIN_EXPERT,Derived as prototype labels from food/packaging principles; validate commodity-specific targets experimentally
