material,material_type,otr_level,wvtr_level,mechanical_strength,sealability,gas_permeability,light_barrier,map_suitability,recyclability_or_end_of_life,cost_level,data_status,source_note
LDPE,Polyethylene Film,Medium,Low,Medium,High,Medium,Medium,High,High,Low,QUALITATIVE_STARTER_KNOWLEDGE_BASE_VERIFY_WITH_SUPPLIER_DATASHEETS,FAO packaging guidance; exact OTR/WVTR must be entered with test conditions
HDPE,Polyethylene Film,Low,Low,High,Medium,Medium,Low,Medium,High,Low,QUALITATIVE_STARTER_KNOWLEDGE_BASE_VERIFY_WITH_SUPPLIER_DATASHEETS,FAO packaging guidance; exact OTR/WVTR must be entered with test conditions
PP,Polypropylene Film,Medium,Low,High,High,Medium,Medium,High,High,Low,QUALITATIVE_STARTER_KNOWLEDGE_BASE_VERIFY_WITH_SUPPLIER_DATASHEETS,FAO packaging guidance; exact OTR/WVTR must be entered with test conditions
PET,Polyester Film,Low,Low,High,Low,Medium,Low,Medium,High,Medium,QUALITATIVE_STARTER_KNOWLEDGE_BASE_VERIFY_WITH_SUPPLIER_DATASHEETS,FAO packaging guidance; exact OTR/WVTR must be entered with test conditions
BOPP,Oriented Polypropylene Film,Low,Low,High,Medium,Medium,Low,High,High,Medium,QUALITATIVE_STARTER_KNOWLEDGE_BASE_VERIFY_WITH_SUPPLIER_DATASHEETS,FAO packaging guidance; exact OTR/WVTR must be entered with test conditions
Metalized PET,Metallized Laminate,Very Low,Very Low,High,Medium,High,Very Low,High,Medium,Medium,QUALITATIVE_STARTER_KNOWLEDGE_BASE_VERIFY_WITH_SUPPLIER_DATASHEETS,FAO packaging guidance; exact OTR/WVTR must be entered with test conditions
Aluminium Foil Laminate,High-Barrier Laminate,Very Low,Very Low,High,High,High,Very Low,High,Low,High,QUALITATIVE_STARTER_KNOWLEDGE_BASE_VERIFY_WITH_SUPPLIER_DATASHEETS,FAO packaging guidance; exact OTR/WVTR must be entered with test conditions
Paper-PE Laminate,Paper/Polymer Laminate,Medium,Low,Medium,High,Medium,Medium,Medium,Medium,Medium,QUALITATIVE_STARTER_KNOWLEDGE_BASE_VERIFY_WITH_SUPPLIER_DATASHEETS,FAO packaging guidance; exact OTR/WVTR must be entered with test conditions
PLA,Biopolymer Film,Medium,Medium,Medium,Medium,Medium,Medium,Medium,Compostable,High,QUALITATIVE_STARTER_KNOWLEDGE_BASE_VERIFY_WITH_SUPPLIER_DATASHEETS,FAO packaging guidance; exact OTR/WVTR must be entered with test conditions
Cellulose Film,Biobased Film,High,Medium,Medium,Medium,Medium,High,Medium,Variable,High,QUALITATIVE_STARTER_KNOWLEDGE_BASE_VERIFY_WITH_SUPPLIER_DATASHEETS,FAO packaging guidance; exact OTR/WVTR must be entered with test conditions
Breathable PE Film,Permeable PE Film,High,Medium,Medium,High,Medium,High,High,High,Medium,QUALITATIVE_STARTER_KNOWLEDGE_BASE_VERIFY_WITH_SUPPLIER_DATASHEETS,FAO packaging guidance; exact OTR/WVTR must be entered with test conditions
Micro-perforated Film,Perforated Polymer Film,Very High,High,Medium,High,High,Very High,High,Variable,Medium,QUALITATIVE_STARTER_KNOWLEDGE_BASE_VERIFY_WITH_SUPPLIER_DATASHEETS,FAO packaging guidance; exact OTR/WVTR must be entered with test conditions
PVC,PVC Film,Medium,Low,Medium,High,Medium,Medium,Medium,Low,Medium,QUALITATIVE_STARTER_KNOWLEDGE_BASE_VERIFY_WITH_SUPPLIER_DATASHEETS,FAO packaging guidance; exact OTR/WVTR must be entered with test conditions
Paper,Paper,High,High,Medium,Medium,Medium,High,Low,High,Low,QUALITATIVE_STARTER_KNOWLEDGE_BASE_VERIFY_WITH_SUPPLIER_DATASHEETS,FAO packaging guidance; exact OTR/WVTR must be entered with test conditions
Glass,Rigid Container,Very Low,Very Low,Very High,Low,High,Very Low,Low,High,High,QUALITATIVE_STARTER_KNOWLEDGE_BASE_VERIFY_WITH_SUPPLIER_DATASHEETS,FAO packaging guidance; exact OTR/WVTR must be entered with test conditions
